volume_bar,start_time,end_time,signals
15,2025-08-20 22:40:55,2025-08-20 22:54:30,
16,2025-08-20 22:54:31,2025-08-20 23:08:16,0.0
17,2025-08-20 23:08:16,2025-08-20 23:22:30,0.0
18,2025-08-20 23:22:30,2025-08-20 23:32:55,0.0
19,2025-08-20 23:32:55,2025-08-20 23:48:56,0.0
20,2025-08-20 23:48:57,2025-08-21 00:11:08,0.0
21,2025-08-21 00:11:08,2025-08-21 00:38:33,0.0
22,2025-08-21 00:38:35,2025-08-21 01:34:52,0.0
23,2025-08-21 01:34:53,2025-08-21 02:29:51,0.0
24,2025-08-21 02:29:52,2025-08-21 04:34:07,0.0
25,2025-08-21 04:34:07,2025-08-21 08:46:32,0.0
26,2025-08-21 08:46:32,2025-08-21 08:51:11,0.0
27,2025-08-21 08:51:11,2025-08-21 08:57:22,0.0
28,2025-08-21 08:57:22,2025-08-21 09:01:16,0.0
29,2025-08-21 09:01:16,2025-08-21 09:04:02,0.0
30,2025-08-21 09:04:02,2025-08-21 09:07:02,0.0
31,2025-08-21 09:07:02,2025-08-21 09:12:17,1.0
32,2025-08-21 09:12:17,2025-08-21 09:16:29,1.0
33,2025-08-21 09:16:29,2025-08-21 09:20:07,1.0
34,2025-08-21 09:20:07,2025-08-21 09:25:05,1.0
35,2025-08-21 09:25:05,2025-08-21 09:31:40,1.0
36,2025-08-21 09:31:40,2025-08-21 09:41:35,1.0
37,2025-08-21 09:41:35,2025-08-21 09:47:51,1.0
38,2025-08-21 09:47:53,2025-08-21 09:56:58,1.0
39,2025-08-21 09:56:58,2025-08-21 10:07:09,1.0
40,2025-08-21 10:07:09,2025-08-21 10:09:03,1.0
41,2025-08-21 10:09:03,2025-08-21 10:15:50,1.0
42,2025-08-21 10:15:51,2025-08-21 10:31:37,1.0
43,2025-08-21 10:31:37,2025-08-21 10:46:25,1.0
44,2025-08-21 10:46:25,2025-08-21 11:05:45,1.0
45,2025-08-21 11:05:45,2025-08-21 11:24:42,1.0
46,2025-08-21 11:24:42,2025-08-21 12:11:45,1.0
47,2025-08-21 12:11:45,2025-08-21 12:45:08,1.0
48,2025-08-21 12:45:08,2025-08-21 13:04:40,1.0
49,2025-08-21 13:04:40,2025-08-21 13:28:21,1.0
50,2025-08-21 13:28:21,2025-08-21 15:00:49,1.0
51,2025-08-21 15:00:49,2025-08-21 16:08:25,1.0
52,2025-08-21 16:08:25,2025-08-21 17:38:56,1.0
53,2025-08-21 17:38:56,2025-08-21 18:44:51,1.0
54,2025-08-21 18:44:52,2025-08-21 20:04:06,1.0
55,2025-08-21 20:04:06,2025-08-21 20:24:37,1.0
56,2025-08-21 20:24:39,2025-08-21 20:59:42,1.0
57,2025-08-21 20:59:42,2025-08-21 21:33:30,1.0
58,2025-08-21 21:33:30,2025-08-21 21:44:36,1.0
59,2025-08-21 21:44:38,2025-08-21 21:51:52,1.0
60,2025-08-21 21:51:53,2025-08-21 22:02:29,1.0
61,2025-08-21 22:02:29,2025-08-21 22:14:10,1.0
62,2025-08-21 22:14:10,2025-08-21 22:23:48,1.0
63,2025-08-21 22:23:49,2025-08-21 22:34:52,1.0
64,2025-08-21 22:34:53,2025-08-21 22:49:04,1.0
65,2025-08-21 22:49:04,2025-08-21 23:12:19,1.0
66,2025-08-21 23:12:19,2025-08-21 23:32:31,1.0
67,2025-08-21 23:32:34,2025-08-22 00:00:30,1.0
68,2025-08-22 00:00:30,2025-08-22 00:41:35,1.0
69,2025-08-22 00:41:35,2025-08-22 01:21:33,1.0
70,2025-08-22 01:21:33,2025-08-22 01:35:20,1.0
71,2025-08-22 01:35:20,2025-08-22 03:08:09,1.0
72,2025-08-22 03:08:10,2025-08-22 08:45:40,1.0
73,2025-08-22 08:45:40,2025-08-22 08:54:53,1.0
74,2025-08-22 08:54:53,2025-08-22 09:00:19,1.0
75,2025-08-22 09:00:19,2025-08-22 09:01:34,1.0
76,2025-08-22 09:01:34,2025-08-22 09:03:15,1.0
77,2025-08-22 09:03:15,2025-08-22 09:05:56,1.0
78,2025-08-22 09:05:56,2025-08-22 09:08:17,1.0
79,2025-08-22 09:08:17,2025-08-22 09:11:26,1.0
80,2025-08-22 09:11:26,2025-08-22 09:16:51,1.0
81,2025-08-22 09:16:51,2025-08-22 09:22:33,1.0
82,2025-08-22 09:22:33,2025-08-22 09:26:41,1.0
83,2025-08-22 09:26:41,2025-08-22 09:36:41,1.0
84,2025-08-22 09:36:41,2025-08-22 09:47:41,1.0
85,2025-08-22 09:47:42,2025-08-22 10:00:27,1.0
86,2025-08-22 10:00:27,2025-08-22 10:27:01,1.0
87,2025-08-22 10:27:01,2025-08-22 10:43:43,1.0
88,2025-08-22 10:43:44,2025-08-22 11:09:28,1.0
89,2025-08-22 11:09:28,2025-08-22 11:47:05,1.0
90,2025-08-22 11:47:06,2025-08-22 11:58:22,1.0
91,2025-08-22 11:58:22,2025-08-22 12:07:19,1.0
92,2025-08-22 12:07:19,2025-08-22 12:31:04,1.0
93,2025-08-22 12:31:04,2025-08-22 12:51:11,1.0
94,2025-08-22 12:51:13,2025-08-22 13:23:23,1.0
95,2025-08-22 13:23:24,2025-08-22 13:41:00,1.0
96,2025-08-22 13:41:00,2025-08-22 15:13:06,1.0
97,2025-08-22 15:13:07,2025-08-22 16:02:54,1.0
98,2025-08-22 16:02:55,2025-08-22 16:41:36,1.0
99,2025-08-22 16:41:36,2025-08-22 17:13:01,1.0
100,2025-08-22 17:13:01,2025-08-22 18:26:08,1.0
101,2025-08-22 18:26:09,2025-08-22 19:12:31,1.0
102,2025-08-22 19:12:31,2025-08-22 20:19:29,1.0
103,2025-08-22 20:19:29,2025-08-22 21:30:26,1.0
104,2025-08-22 21:30:26,2025-08-22 21:40:50,1.0
105,2025-08-22 21:40:50,2025-08-22 21:57:12,1.0
106,2025-08-22 21:57:12,2025-08-22 22:00:36,1.0
107,2025-08-22 22:00:36,2025-08-22 22:02:30,1.0
108,2025-08-22 22:02:30,2025-08-22 22:06:51,1.0
109,2025-08-22 22:06:52,2025-08-22 22:11:09,1.0
110,2025-08-22 22:11:09,2025-08-22 22:15:50,1.0
111,2025-08-22 22:15:50,2025-08-22 22:20:46,1.0
112,2025-08-22 22:20:46,2025-08-22 22:23:31,1.0
113,2025-08-22 22:23:32,2025-08-22 22:27:48,1.0
114,2025-08-22 22:27:48,2025-08-22 22:36:09,1.0
115,2025-08-22 22:36:09,2025-08-22 22:47:16,1.0
116,2025-08-22 22:47:17,2025-08-22 23:01:34,1.0
117,2025-08-22 23:01:34,2025-08-22 23:07:59,1.0
118,2025-08-22 23:07:59,2025-08-22 23:30:03,1.0
119,2025-08-22 23:30:03,2025-08-22 23:59:43,1.0
120,2025-08-22 23:59:43,2025-08-23 00:30:03,1.0
121,2025-08-23 00:30:03,2025-08-23 01:19:34,1.0
122,2025-08-23 01:19:34,2025-08-23 01:57:54,1.0
123,2025-08-23 01:57:55,2025-08-23 04:29:47,1.0
124,2025-08-23 04:29:55,2025-08-25 15:23:27,1.0
125,2025-08-25 15:23:29,2025-08-25 16:42:11,1.0
126,2025-08-25 16:42:11,2025-08-25 17:46:27,1.0
127,2025-08-25 17:46:27,2025-08-25 19:00:27,1.0
128,2025-08-25 19:00:27,2025-08-25 20:39:04,1.0
129,2025-08-25 20:39:06,2025-08-25 21:32:49,1.0
130,2025-08-25 21:32:49,2025-08-25 21:44:33,1.0
131,2025-08-25 21:44:33,2025-08-25 21:59:53,1.0
132,2025-08-25 21:59:54,2025-08-25 22:12:23,1.0
133,2025-08-25 22:12:23,2025-08-25 22:36:43,1.0
134,2025-08-25 22:36:43,2025-08-25 23:02:52,1.0
135,2025-08-25 23:02:53,2025-08-25 23:37:26,1.0
136,2025-08-25 23:37:27,2025-08-26 01:04:52,1.0
137,2025-08-26 01:04:52,2025-08-26 03:56:39,1.0
138,2025-08-26 03:56:40,2025-08-26 08:45:47,1.0
139,2025-08-26 08:45:47,2025-08-26 08:49:35,1.0
140,2025-08-26 08:49:35,2025-08-26 08:58:01,1.0
141,2025-08-26 08:58:02,2025-08-26 09:02:10,1.0
142,2025-08-26 09:02:10,2025-08-26 09:08:55,1.0
143,2025-08-26 09:08:56,2025-08-26 09:12:42,1.0
144,2025-08-26 09:12:42,2025-08-26 09:18:36,1.0
145,2025-08-26 09:18:36,2025-08-26 09:28:33,1.0
146,2025-08-26 09:28:33,2025-08-26 09:35:24,1.0
147,2025-08-26 09:35:25,2025-08-26 09:46:06,1.0
148,2025-08-26 09:46:06,2025-08-26 10:03:35,1.0
149,2025-08-26 10:03:35,2025-08-26 10:18:08,1.0
150,2025-08-26 10:18:10,2025-08-26 10:42:17,1.0
151,2025-08-26 10:42:17,2025-08-26 11:05:04,1.0
152,2025-08-26 11:05:04,2025-08-26 11:29:07,1.0
153,2025-08-26 11:29:10,2025-08-26 12:05:49,1.0
154,2025-08-26 12:05:49,2025-08-26 12:12:06,1.0
155,2025-08-26 12:12:06,2025-08-26 12:32:15,1.0
156,2025-08-26 12:32:15,2025-08-26 12:50:03,1.0
157,2025-08-26 12:50:03,2025-08-26 13:02:18,1.0
158,2025-08-26 13:02:18,2025-08-26 13:27:44,1.0
159,2025-08-26 13:27:44,2025-08-26 15:00:00,1.0
160,2025-08-26 15:00:00,2025-08-26 15:27:45,1.0
161,2025-08-26 15:27:46,2025-08-26 17:05:55,1.0
162,2025-08-26 17:05:55,2025-08-26 18:20:59,1.0
163,2025-08-26 18:21:02,2025-08-26 19:45:02,1.0
164,2025-08-26 19:45:05,2025-08-26 21:08:04,1.0
165,2025-08-26 21:08:04,2025-08-26 21:38:21,1.0
166,2025-08-26 21:38:21,2025-08-26 21:52:04,1.0
167,2025-08-26 21:52:04,2025-08-26 22:15:48,1.0
168,2025-08-26 22:15:48,2025-08-26 22:26:21,1.0
169,2025-08-26 22:26:22,2025-08-26 22:48:30,1.0
170,2025-08-26 22:48:30,2025-08-26 23:19:44,1.0
171,2025-08-26 23:19:44,2025-08-27 00:16:01,1.0
172,2025-08-27 00:16:01,2025-08-27 01:55:04,1.0
173,2025-08-27 01:55:04,2025-08-27 04:45:52,1.0
174,2025-08-27 04:45:52,2025-08-27 08:51:10,1.0
175,2025-08-27 08:51:10,2025-08-27 09:00:14,1.0
176,2025-08-27 09:00:14,2025-08-27 09:03:15,1.0
177,2025-08-27 09:03:15,2025-08-27 09:09:53,1.0
178,2025-08-27 09:09:53,2025-08-27 09:16:07,1.0
179,2025-08-27 09:16:07,2025-08-27 09:21:37,1.0
180,2025-08-27 09:21:37,2025-08-27 09:28:52,1.0
181,2025-08-27 09:28:52,2025-08-27 09:35:00,1.0
182,2025-08-27 09:35:00,2025-08-27 09:44:49,1.0
183,2025-08-27 09:44:49,2025-08-27 09:59:19,1.0
184,2025-08-27 09:59:20,2025-08-27 10:20:21,1.0
185,2025-08-27 10:20:21,2025-08-27 10:26:08,1.0
186,2025-08-27 10:26:08,2025-08-27 10:48:48,1.0
187,2025-08-27 10:48:48,2025-08-27 11:25:51,1.0
188,2025-08-27 11:25:52,2025-08-27 12:04:36,1.0
189,2025-08-27 12:04:36,2025-08-27 12:23:36,1.0
190,2025-08-27 12:23:36,2025-08-27 12:40:51,1.0
191,2025-08-27 12:40:51,2025-08-27 13:05:00,1.0
192,2025-08-27 13:05:00,2025-08-27 13:27:28,1.0
193,2025-08-27 13:27:28,2025-08-27 15:01:13,1.0
194,2025-08-27 15:01:13,2025-08-27 16:01:06,1.0
195,2025-08-27 16:01:16,2025-08-27 17:00:02,1.0
196,2025-08-27 17:00:02,2025-08-27 18:05:48,1.0
197,2025-08-27 18:05:48,2025-08-27 19:47:04,1.0
198,2025-08-27 19:47:04,2025-08-27 20:32:48,1.0
199,2025-08-27 20:32:49,2025-08-27 21:26:52,1.0
200,2025-08-27 21:26:57,2025-08-27 21:38:35,1.0
201,2025-08-27 21:38:35,2025-08-27 21:50:02,1.0
202,2025-08-27 21:50:03,2025-08-27 22:13:59,1.0
203,2025-08-27 22:13:59,2025-08-27 22:38:37,1.0
204,2025-08-27 22:38:38,2025-08-27 23:09:22,1.0
205,2025-08-27 23:09:23,2025-08-27 23:50:55,1.0
206,2025-08-27 23:50:55,2025-08-28 00:29:40,1.0
207,2025-08-28 00:29:40,2025-08-28 01:22:00,1.0
208,2025-08-28 01:22:05,2025-08-28 03:25:52,1.0
209,2025-08-28 03:25:52,2025-08-28 04:21:46,1.0
210,2025-08-28 04:21:46,2025-08-28 04:29:22,1.0
211,2025-08-28 04:29:22,2025-08-28 08:45:00,1.0
212,2025-08-28 08:45:00,2025-08-28 08:49:00,1.0
213,2025-08-28 08:49:00,2025-08-28 09:00:00,1.0
214,2025-08-28 09:00:00,2025-08-28 09:04:18,1.0
215,2025-08-28 09:04:18,2025-08-28 09:11:27,1.0
216,2025-08-28 09:11:27,2025-08-28 09:21:01,1.0
217,2025-08-28 09:21:01,2025-08-28 09:27:32,1.0
218,2025-08-28 09:27:32,2025-08-28 09:39:34,1.0
219,2025-08-28 09:39:34,2025-08-28 09:55:05,1.0
220,2025-08-28 09:55:05,2025-08-28 10:02:31,1.0
221,2025-08-28 10:02:31,2025-08-28 10:14:46,1.0
222,2025-08-28 10:14:46,2025-08-28 10:30:05,1.0
223,2025-08-28 10:30:05,2025-08-28 11:01:06,1.0
224,2025-08-28 11:01:07,2025-08-28 11:08:54,1.0
225,2025-08-28 11:08:55,2025-08-28 11:26:25,1.0
226,2025-08-28 11:26:25,2025-08-28 11:50:14,1.0
227,2025-08-28 11:50:14,2025-08-28 12:02:47,1.0
228,2025-08-28 12:02:47,2025-08-28 12:05:00,1.0
229,2025-08-28 12:05:00,2025-08-28 12:08:14,-1.0
230,2025-08-28 12:08:14,2025-08-28 12:14:03,-1.0
231,2025-08-28 12:14:03,2025-08-28 12:25:57,-1.0
232,2025-08-28 12:25:57,2025-08-28 12:34:15,-1.0
233,2025-08-28 12:34:15,2025-08-28 13:00:57,-1.0
234,2025-08-28 13:00:57,2025-08-28 13:26:02,-1.0
235,2025-08-28 13:26:02,2025-08-28 13:36:37,-1.0
236,2025-08-28 13:36:37,2025-08-28 15:05:38,-1.0
237,2025-08-28 15:05:38,2025-08-28 15:48:53,-1.0
238,2025-08-28 15:48:54,2025-08-28 17:43:45,-1.0
239,2025-08-28 17:43:45,2025-08-28 19:40:06,-1.0
240,2025-08-28 19:40:06,2025-08-28 20:40:32,-1.0
241,2025-08-28 20:40:32,2025-08-28 20:58:12,-1.0
242,2025-08-28 20:58:12,2025-08-28 21:28:16,-1.0
243,2025-08-28 21:28:17,2025-08-28 21:35:42,-1.0
244,2025-08-28 21:35:42,2025-08-28 21:44:05,-1.0
245,2025-08-28 21:44:06,2025-08-28 21:52:03,-1.0
246,2025-08-28 21:52:03,2025-08-28 21:57:59,-1.0
247,2025-08-28 21:57:59,2025-08-28 22:08:15,-1.0
248,2025-08-28 22:08:15,2025-08-28 22:30:01,-1.0
249,2025-08-28 22:30:01,2025-08-28 22:45:11,-1.0
250,2025-08-28 22:45:11,2025-08-28 23:06:23,-1.0
251,2025-08-28 23:06:24,2025-08-28 23:33:29,-1.0
252,2025-08-28 23:33:29,2025-08-29 00:31:30,-1.0
253,2025-08-29 00:31:30,2025-08-29 03:12:49,-1.0
254,2025-08-29 03:12:49,2025-08-29 08:45:45,-1.0
255,2025-08-29 08:45:46,2025-08-29 08:53:41,-1.0
256,2025-08-29 08:53:41,2025-08-29 09:01:24,-1.0
257,2025-08-29 09:01:25,2025-08-29 09:08:36,-1.0
258,2025-08-29 09:08:36,2025-08-29 09:15:38,-1.0
259,2025-08-29 09:15:38,2025-08-29 09:24:35,-1.0
260,2025-08-29 09:24:35,2025-08-29 09:31:48,-1.0
261,2025-08-29 09:31:48,2025-08-29 09:42:46,-1.0
262,2025-08-29 09:42:47,2025-08-29 09:48:08,-1.0
263,2025-08-29 09:48:08,2025-08-29 09:51:08,-1.0
264,2025-08-29 09:51:08,2025-08-29 09:56:59,-1.0
265,2025-08-29 09:56:59,2025-08-29 10:08:19,-1.0
266,2025-08-29 10:08:19,2025-08-29 10:15:07,-1.0
267,2025-08-29 10:15:07,2025-08-29 10:26:24,-1.0
268,2025-08-29 10:26:24,2025-08-29 10:34:52,-1.0
269,2025-08-29 10:34:54,2025-08-29 10:47:46,-1.0
270,2025-08-29 10:47:46,2025-08-29 11:03:42,-1.0
271,2025-08-29 11:03:42,2025-08-29 11:11:54,-1.0
272,2025-08-29 11:11:54,2025-08-29 11:34:36,-1.0
273,2025-08-29 11:34:36,2025-08-29 12:04:12,-1.0
274,2025-08-29 12:04:12,2025-08-29 12:35:39,-1.0
275,2025-08-29 12:35:39,2025-08-29 13:04:03,-1.0
276,2025-08-29 13:04:04,2025-08-29 13:30:02,-1.0
277,2025-08-29 13:30:02,2025-08-29 13:44:50,-1.0
278,2025-08-29 13:44:50,2025-08-29 15:30:26,-1.0
279,2025-08-29 15:30:26,2025-08-29 16:00:07,-1.0
280,2025-08-29 16:00:07,2025-08-29 16:24:46,-1.0
281,2025-08-29 16:24:52,2025-08-29 16:52:55,-1.0
282,2025-08-29 16:52:55,2025-08-29 17:08:03,-1.0
283,2025-08-29 17:08:03,2025-08-29 17:47:05,-1.0
284,2025-08-29 17:47:06,2025-08-29 19:15:54,-1.0
285,2025-08-29 19:15:54,2025-08-29 20:30:40,-1.0
286,2025-08-29 20:30:40,2025-08-29 20:47:09,-1.0
287,2025-08-29 20:47:10,2025-08-29 21:31:05,-1.0
288,2025-08-29 21:31:05,2025-08-29 21:38:01,-1.0
289,2025-08-29 21:38:01,2025-08-29 21:46:01,-1.0
290,2025-08-29 21:46:01,2025-08-29 21:50:01,-1.0
291,2025-08-29 21:50:02,2025-08-29 21:56:39,-1.0
292,2025-08-29 21:56:39,2025-08-29 22:04:00,-1.0
293,2025-08-29 22:04:00,2025-08-29 22:10:10,-1.0
294,2025-08-29 22:10:10,2025-08-29 22:21:26,-1.0
295,2025-08-29 22:21:26,2025-08-29 22:35:44,-1.0
296,2025-08-29 22:35:44,2025-08-29 22:51:19,-1.0
297,2025-08-29 22:51:19,2025-08-29 23:09:52,-1.0
298,2025-08-29 23:09:53,2025-08-29 23:43:45,-1.0
299,2025-08-29 23:43:47,2025-08-30 00:26:14,-1.0
300,2025-08-30 00:26:15,2025-08-30 01:20:21,-1.0
301,2025-08-30 01:20:22,2025-08-30 04:06:14,-1.0
302,2025-08-30 04:06:14,2025-09-01 08:46:01,-1.0
303,2025-09-01 08:46:01,2025-09-01 08:50:40,-1.0
304,2025-09-01 08:50:40,2025-09-01 08:58:19,-1.0
305,2025-09-01 08:58:19,2025-09-01 09:00:58,-1.0
306,2025-09-01 09:00:58,2025-09-01 09:03:53,-1.0
307,2025-09-01 09:03:53,2025-09-01 09:07:50,-1.0
308,2025-09-01 09:07:50,2025-09-01 09:15:05,-1.0
309,2025-09-01 09:15:05,2025-09-01 09:26:47,-1.0
310,2025-09-01 09:26:47,2025-09-01 09:32:54,-1.0
311,2025-09-01 09:32:54,2025-09-01 09:36:08,-1.0
312,2025-09-01 09:36:08,2025-09-01 09:44:56,-1.0
313,2025-09-01 09:44:56,2025-09-01 09:52:34,-1.0
314,2025-09-01 09:52:34,2025-09-01 09:56:08,-1.0
315,2025-09-01 09:56:08,2025-09-01 10:04:19,-1.0
316,2025-09-01 10:04:19,2025-09-01 10:11:58,-1.0
317,2025-09-01 10:11:58,2025-09-01 10:14:05,-1.0
318,2025-09-01 10:14:05,2025-09-01 10:15:18,-1.0
319,2025-09-01 10:15:18,2025-09-01 10:18:08,-1.0
320,2025-09-01 10:18:08,2025-09-01 10:20:31,-1.0
321,2025-09-01 10:20:31,2025-09-01 10:24:01,-1.0
322,2025-09-01 10:24:02,2025-09-01 10:27:06,-1.0
323,2025-09-01 10:27:06,2025-09-01 10:33:03,-1.0
324,2025-09-01 10:33:03,2025-09-01 10:38:45,-1.0
325,2025-09-01 10:38:46,2025-09-01 10:48:52,-1.0
326,2025-09-01 10:48:53,2025-09-01 10:53:52,-1.0
327,2025-09-01 10:53:52,2025-09-01 11:04:46,-1.0
328,2025-09-01 11:04:46,2025-09-01 11:14:56,-1.0
329,2025-09-01 11:14:56,2025-09-01 11:29:43,-1.0
330,2025-09-01 11:29:44,2025-09-01 11:59:59,-1.0
331,2025-09-01 11:59:59,2025-09-01 12:25:11,-1.0
332,2025-09-01 12:25:11,2025-09-01 12:46:55,-1.0
333,2025-09-01 12:46:55,2025-09-01 12:51:36,-1.0
334,2025-09-01 12:51:36,2025-09-01 13:16:25,-1.0
335,2025-09-01 13:16:31,2025-09-01 13:36:00,-1.0
336,2025-09-01 13:36:00,2025-09-01 15:00:18,-1.0
337,2025-09-01 15:00:18,2025-09-01 15:31:21,-1.0
338,2025-09-01 15:31:22,2025-09-01 16:33:30,-1.0
339,2025-09-01 16:33:31,2025-09-01 18:11:36,-1.0
340,2025-09-01 18:11:36,2025-09-01 20:05:18,-1.0
341,2025-09-01 20:05:18,2025-09-01 21:40:27,-1.0
342,2025-09-01 21:40:27,2025-09-01 22:20:09,-1.0
343,2025-09-01 22:20:09,2025-09-02 03:36:38,-1.0
344,2025-09-02 03:36:57,2025-09-02 08:47:46,-1.0
345,2025-09-02 08:47:46,2025-09-02 08:53:16,-1.0
346,2025-09-02 08:53:16,2025-09-02 09:00:30,1.0
347,2025-09-02 09:00:30,2025-09-02 09:03:24,1.0
348,2025-09-02 09:03:24,2025-09-02 09:06:36,1.0
349,2025-09-02 09:06:36,2025-09-02 09:10:01,1.0
350,2025-09-02 09:10:01,2025-09-02 09:14:26,1.0
351,2025-09-02 09:14:26,2025-09-02 09:19:31,1.0
352,2025-09-02 09:19:31,2025-09-02 09:23:01,1.0
353,2025-09-02 09:23:01,2025-09-02 09:27:36,1.0
354,2025-09-02 09:27:36,2025-09-02 09:31:49,1.0
355,2025-09-02 09:31:49,2025-09-02 09:36:04,1.0
356,2025-09-02 09:36:04,2025-09-02 09:47:23,1.0
357,2025-09-02 09:47:24,2025-09-02 09:54:58,1.0
358,2025-09-02 09:54:58,2025-09-02 09:56:09,1.0
359,2025-09-02 09:56:09,2025-09-02 10:00:04,1.0
360,2025-09-02 10:00:04,2025-09-02 10:03:29,1.0
361,2025-09-02 10:03:29,2025-09-02 10:10:53,1.0
362,2025-09-02 10:10:53,2025-09-02 10:19:46,1.0
363,2025-09-02 10:19:47,2025-09-02 10:31:58,1.0
364,2025-09-02 10:31:58,2025-09-02 10:40:10,-1.0
365,2025-09-02 10:40:12,2025-09-02 10:49:07,-1.0
366,2025-09-02 10:49:07,2025-09-02 10:55:30,-1.0
367,2025-09-02 10:55:30,2025-09-02 11:03:46,-1.0
368,2025-09-02 11:03:46,2025-09-02 11:10:06,-1.0
369,2025-09-02 11:10:06,2025-09-02 11:15:50,-1.0
370,2025-09-02 11:15:50,2025-09-02 11:24:26,-1.0
371,2025-09-02 11:24:27,2025-09-02 11:35:26,-1.0
372,2025-09-02 11:35:26,2025-09-02 11:46:44,-1.0
373,2025-09-02 11:46:44,2025-09-02 12:02:22,-1.0
374,2025-09-02 12:02:23,2025-09-02 12:22:02,-1.0
375,2025-09-02 12:22:02,2025-09-02 12:45:45,-1.0
376,2025-09-02 12:45:45,2025-09-02 12:58:20,-1.0
377,2025-09-02 12:58:20,2025-09-02 13:11:32,-1.0
378,2025-09-02 13:11:32,2025-09-02 13:26:09,-1.0
379,2025-09-02 13:26:09,2025-09-02 15:00:00,-1.0
380,2025-09-02 15:00:00,2025-09-02 15:17:35,-1.0
381,2025-09-02 15:17:35,2025-09-02 15:47:47,-1.0
382,2025-09-02 15:47:47,2025-09-02 16:09:44,-1.0
383,2025-09-02 16:09:44,2025-09-02 16:58:19,-1.0
384,2025-09-02 16:58:19,2025-09-02 18:23:36,-1.0
385,2025-09-02 18:23:36,2025-09-02 18:46:31,-1.0
386,2025-09-02 18:46:31,2025-09-02 19:25:29,-1.0
387,2025-09-02 19:25:29,2025-09-02 20:00:40,-1.0
388,2025-09-02 20:00:40,2025-09-02 20:15:56,-1.0
389,2025-09-02 20:15:59,2025-09-02 20:43:08,-1.0
390,2025-09-02 20:43:08,2025-09-02 20:55:25,-1.0
391,2025-09-02 20:55:25,2025-09-02 20:59:11,-1.0
392,2025-09-02 20:59:11,2025-09-02 21:09:24,-1.0
393,2025-09-02 21:09:25,2025-09-02 21:29:38,-1.0
394,2025-09-02 21:29:40,2025-09-02 21:34:13,-1.0
395,2025-09-02 21:34:14,2025-09-02 21:41:36,-1.0
396,2025-09-02 21:41:36,2025-09-02 21:49:06,-1.0
397,2025-09-02 21:49:07,2025-09-02 21:55:14,-1.0
398,2025-09-02 21:55:14,2025-09-02 22:01:39,-1.0
399,2025-09-02 22:01:39,2025-09-02 22:11:39,-1.0
400,2025-09-02 22:11:39,2025-09-02 22:24:16,-1.0
401,2025-09-02 22:24:16,2025-09-02 22:38:50,-1.0
402,2025-09-02 22:38:50,2025-09-02 22:56:07,-1.0
403,2025-09-02 22:56:08,2025-09-02 23:14:46,-1.0
404,2025-09-02 23:14:46,2025-09-02 23:30:26,-1.0
405,2025-09-02 23:30:26,2025-09-02 23:48:15,-1.0
406,2025-09-02 23:48:15,2025-09-03 00:08:20,-1.0
407,2025-09-03 00:08:20,2025-09-03 00:43:24,-1.0
408,2025-09-03 00:43:24,2025-09-03 01:28:21,-1.0
409,2025-09-03 01:28:23,2025-09-03 02:48:55,-1.0
410,2025-09-03 02:48:55,2025-09-03 03:44:06,-1.0
411,2025-09-03 03:44:18,2025-09-03 04:46:40,-1.0
412,2025-09-03 04:46:40,2025-09-03 08:46:26,-1.0
413,2025-09-03 08:46:26,2025-09-03 08:53:21,1.0
414,2025-09-03 08:53:21,2025-09-03 08:56:54,1.0
415,2025-09-03 08:56:54,2025-09-03 09:00:59,1.0
416,2025-09-03 09:00:59,2025-09-03 09:05:09,1.0
417,2025-09-03 09:05:09,2025-09-03 09:09:36,1.0
418,2025-09-03 09:09:36,2025-09-03 09:14:28,1.0
419,2025-09-03 09:14:29,2025-09-03 09:17:02,1.0
420,2025-09-03 09:17:02,2025-09-03 09:22:06,1.0
421,2025-09-03 09:22:06,2025-09-03 09:29:05,1.0
422,2025-09-03 09:29:05,2025-09-03 09:35:00,1.0
423,2025-09-03 09:35:00,2025-09-03 09:45:22,1.0
424,2025-09-03 09:45:22,2025-09-03 09:52:00,1.0
425,2025-09-03 09:52:00,2025-09-03 09:54:45,1.0
426,2025-09-03 09:54:45,2025-09-03 10:02:23,1.0
427,2025-09-03 10:02:23,2025-09-03 10:10:06,1.0
428,2025-09-03 10:10:07,2025-09-03 10:25:26,1.0
429,2025-09-03 10:25:27,2025-09-03 10:34:14,1.0
430,2025-09-03 10:34:14,2025-09-03 10:45:00,1.0
431,2025-09-03 10:45:00,2025-09-03 11:00:00,1.0
432,2025-09-03 11:00:00,2025-09-03 11:20:47,1.0
433,2025-09-03 11:20:48,2025-09-03 11:52:47,1.0
434,2025-09-03 11:52:48,2025-09-03 12:20:18,1.0
435,2025-09-03 12:20:18,2025-09-03 13:02:55,1.0
436,2025-09-03 13:02:55,2025-09-03 13:26:23,1.0
437,2025-09-03 13:26:23,2025-09-03 13:44:00,1.0
438,2025-09-03 13:44:00,2025-09-03 15:24:54,1.0
439,2025-09-03 15:24:54,2025-09-03 16:03:06,1.0
440,2025-09-03 16:03:06,2025-09-03 16:23:19,1.0
441,2025-09-03 16:23:20,2025-09-03 17:00:57,1.0
442,2025-09-03 17:00:57,2025-09-03 17:47:39,1.0
443,2025-09-03 17:47:41,2025-09-03 18:41:37,1.0
444,2025-09-03 18:41:37,2025-09-03 19:58:32,1.0
445,2025-09-03 19:58:32,2025-09-03 21:01:11,1.0
446,2025-09-03 21:01:11,2025-09-03 21:31:34,1.0
447,2025-09-03 21:31:34,2025-09-03 21:40:00,1.0
448,2025-09-03 21:40:00,2025-09-03 21:52:00,1.0
449,2025-09-03 21:52:00,2025-09-03 22:04:12,1.0
450,2025-09-03 22:04:12,2025-09-03 22:12:27,1.0
451,2025-09-03 22:12:27,2025-09-03 22:25:29,1.0
452,2025-09-03 22:25:29,2025-09-03 22:40:33,1.0
453,2025-09-03 22:40:33,2025-09-03 22:54:59,1.0
454,2025-09-03 22:54:59,2025-09-03 23:22:49,1.0
455,2025-09-03 23:22:50,2025-09-03 23:35:13,1.0
456,2025-09-03 23:35:13,2025-09-04 00:01:28,1.0
457,2025-09-04 00:01:28,2025-09-04 00:49:19,1.0
458,2025-09-04 00:49:19,2025-09-04 01:45:08,1.0
459,2025-09-04 01:45:08,2025-09-04 01:58:54,1.0
460,2025-09-04 01:58:54,2025-09-04 02:18:22,1.0
461,2025-09-04 02:18:25,2025-09-04 03:07:28,1.0
462,2025-09-04 03:07:28,2025-09-04 04:12:19,1.0
463,2025-09-04 04:12:19,2025-09-04 08:45:24,1.0
464,2025-09-04 08:45:24,2025-09-04 08:50:00,1.0
465,2025-09-04 08:50:00,2025-09-04 08:56:22,1.0
466,2025-09-04 08:56:22,2025-09-04 09:00:45,1.0
467,2025-09-04 09:00:45,2025-09-04 09:03:51,1.0
468,2025-09-04 09:03:51,2025-09-04 09:06:20,1.0
469,2025-09-04 09:06:20,2025-09-04 09:09:10,1.0
470,2025-09-04 09:09:10,2025-09-04 09:12:30,1.0
471,2025-09-04 09:12:30,2025-09-04 09:14:50,1.0
472,2025-09-04 09:14:50,2025-09-04 09:17:07,1.0
473,2025-09-04 09:17:07,2025-09-04 09:21:21,1.0
474,2025-09-04 09:21:21,2025-09-04 09:26:26,1.0
475,2025-09-04 09:26:26,2025-09-04 09:32:04,1.0
476,2025-09-04 09:32:04,2025-09-04 09:41:45,1.0
477,2025-09-04 09:41:45,2025-09-04 09:48:50,1.0
478,2025-09-04 09:48:50,2025-09-04 10:02:16,1.0
479,2025-09-04 10:02:16,2025-09-04 10:03:34,1.0
480,2025-09-04 10:03:34,2025-09-04 10:10:56,1.0
481,2025-09-04 10:10:56,2025-09-04 10:22:02,1.0
482,2025-09-04 10:22:02,2025-09-04 10:31:13,1.0
483,2025-09-04 10:31:13,2025-09-04 10:41:20,1.0
484,2025-09-04 10:41:20,2025-09-04 10:51:59,1.0
485,2025-09-04 10:51:59,2025-09-04 10:58:02,1.0
486,2025-09-04 10:58:02,2025-09-04 11:00:29,1.0
487,2025-09-04 11:00:29,2025-09-04 11:05:25,1.0
488,2025-09-04 11:05:26,2025-09-04 11:15:19,1.0
489,2025-09-04 11:15:19,2025-09-04 11:19:01,1.0
490,2025-09-04 11:19:01,2025-09-04 11:27:27,1.0
491,2025-09-04 11:27:28,2025-09-04 11:39:53,1.0
492,2025-09-04 11:39:54,2025-09-04 12:01:59,1.0
493,2025-09-04 12:01:59,2025-09-04 12:31:33,1.0
494,2025-09-04 12:31:33,2025-09-04 12:58:29,1.0
495,2025-09-04 12:58:29,2025-09-04 13:08:51,1.0
496,2025-09-04 13:08:51,2025-09-04 13:27:05,1.0
497,2025-09-04 13:27:05,2025-09-04 13:40:49,1.0
498,2025-09-04 13:40:50,2025-09-04 15:23:10,1.0
499,2025-09-04 15:23:11,2025-09-04 16:48:19,1.0
500,2025-09-04 16:48:21,2025-09-04 18:16:18,1.0
501,2025-09-04 18:16:19,2025-09-04 20:09:27,1.0
502,2025-09-04 20:09:35,2025-09-04 21:06:34,1.0
503,2025-09-04 21:06:34,2025-09-04 21:35:54,1.0
504,2025-09-04 21:35:54,2025-09-04 21:48:53,1.0
505,2025-09-04 21:48:54,2025-09-04 22:06:13,1.0
506,2025-09-04 22:06:13,2025-09-04 22:20:44,1.0
507,2025-09-04 22:20:44,2025-09-04 22:36:10,1.0
508,2025-09-04 22:36:10,2025-09-04 22:46:20,1.0
509,2025-09-04 22:46:20,2025-09-04 23:07:59,1.0
510,2025-09-04 23:08:00,2025-09-04 23:43:30,1.0
511,2025-09-04 23:43:30,2025-09-05 00:45:47,1.0
512,2025-09-05 00:45:47,2025-09-05 01:51:09,1.0
513,2025-09-05 01:51:10,2025-09-05 03:22:09,1.0
514,2025-09-05 03:22:09,2025-09-05 08:45:00,1.0
515,2025-09-05 08:45:00,2025-09-05 08:48:31,1.0
516,2025-09-05 08:48:31,2025-09-05 08:59:18,1.0
517,2025-09-05 08:59:18,2025-09-05 09:03:57,1.0
518,2025-09-05 09:03:57,2025-09-05 09:07:41,1.0
519,2025-09-05 09:07:41,2025-09-05 09:15:20,1.0
520,2025-09-05 09:15:20,2025-09-05 09:19:31,1.0
521,2025-09-05 09:19:32,2025-09-05 09:26:43,1.0
522,2025-09-05 09:26:43,2025-09-05 09:37:48,1.0
523,2025-09-05 09:37:48,2025-09-05 09:47:44,1.0
524,2025-09-05 09:47:45,2025-09-05 09:52:15,1.0
525,2025-09-05 09:52:15,2025-09-05 10:05:22,1.0
526,2025-09-05 10:05:22,2025-09-05 10:11:46,1.0
527,2025-09-05 10:11:46,2025-09-05 10:21:02,1.0
528,2025-09-05 10:21:02,2025-09-05 10:30:46,1.0
529,2025-09-05 10:30:46,2025-09-05 10:38:46,1.0
530,2025-09-05 10:38:46,2025-09-05 10:52:43,1.0
531,2025-09-05 10:52:43,2025-09-05 11:13:28,1.0
532,2025-09-05 11:13:28,2025-09-05 11:31:24,1.0
533,2025-09-05 11:31:24,2025-09-05 11:58:26,1.0
534,2025-09-05 11:58:26,2025-09-05 12:49:03,1.0
535,2025-09-05 12:49:03,2025-09-05 13:29:58,1.0
536,2025-09-05 13:29:58,2025-09-05 13:40:04,1.0
537,2025-09-05 13:40:04,2025-09-05 15:14:58,1.0
538,2025-09-05 15:14:58,2025-09-05 16:20:27,1.0
539,2025-09-05 16:20:27,2025-09-05 18:06:33,1.0
540,2025-09-05 18:06:33,2025-09-05 19:46:42,1.0
541,2025-09-05 19:46:42,2025-09-05 20:30:11,1.0
542,2025-09-05 20:30:11,2025-09-05 20:37:49,1.0
543,2025-09-05 20:37:49,2025-09-05 20:55:43,1.0
544,2025-09-05 20:55:43,2025-09-05 21:16:26,1.0
545,2025-09-05 21:16:26,2025-09-05 21:35:15,1.0
546,2025-09-05 21:35:15,2025-09-05 21:44:23,1.0
547,2025-09-05 21:44:23,2025-09-05 21:57:06,1.0
548,2025-09-05 21:57:07,2025-09-05 22:09:22,1.0
549,2025-09-05 22:09:22,2025-09-05 22:15:12,1.0
550,2025-09-05 22:15:12,2025-09-05 22:18:48,1.0
551,2025-09-05 22:18:48,2025-09-05 22:22:53,1.0
552,2025-09-05 22:22:53,2025-09-05 22:26:45,1.0
553,2025-09-05 22:26:45,2025-09-05 22:31:03,1.0
554,2025-09-05 22:31:03,2025-09-05 22:39:13,1.0
555,2025-09-05 22:39:13,2025-09-05 22:47:31,1.0
556,2025-09-05 22:47:31,2025-09-05 22:55:09,-1.0
557,2025-09-05 22:55:10,2025-09-05 23:00:02,-1.0
558,2025-09-05 23:00:02,2025-09-05 23:05:43,-1.0
559,2025-09-05 23:05:43,2025-09-05 23:16:01,-1.0
560,2025-09-05 23:16:01,2025-09-05 23:30:32,-1.0
561,2025-09-05 23:30:33,2025-09-05 23:39:24,-1.0
562,2025-09-05 23:39:24,2025-09-05 23:53:05,-1.0
563,2025-09-05 23:53:05,2025-09-06 00:16:29,-1.0
564,2025-09-06 00:16:30,2025-09-06 00:53:55,-1.0
565,2025-09-06 00:54:01,2025-09-06 01:49:36,-1.0
566,2025-09-06 01:49:36,2025-09-06 03:03:55,-1.0
567,2025-09-06 03:03:55,2025-09-06 04:00:11,-1.0
568,2025-09-06 04:00:12,2025-09-08 08:45:12,-1.0
569,2025-09-08 08:45:12,2025-09-08 08:48:36,1.0
570,2025-09-08 08:48:36,2025-09-08 08:52:56,1.0
571,2025-09-08 08:52:56,2025-09-08 09:00:00,1.0
572,2025-09-08 09:00:00,2025-09-08 09:02:10,1.0
573,2025-09-08 09:02:10,2025-09-08 09:05:59,1.0
574,2025-09-08 09:05:59,2025-09-08 09:08:12,1.0
575,2025-09-08 09:08:12,2025-09-08 09:12:50,1.0
576,2025-09-08 09:12:50,2025-09-08 09:21:08,1.0
577,2025-09-08 09:21:08,2025-09-08 09:28:06,1.0
578,2025-09-08 09:28:07,2025-09-08 09:36:18,1.0
579,2025-09-08 09:36:18,2025-09-08 09:46:05,1.0
580,2025-09-08 09:46:05,2025-09-08 10:00:59,1.0
581,2025-09-08 10:01:00,2025-09-08 10:05:44,1.0
582,2025-09-08 10:05:44,2025-09-08 10:14:07,1.0
583,2025-09-08 10:14:07,2025-09-08 10:21:32,1.0
584,2025-09-08 10:21:32,2025-09-08 10:34:28,1.0
585,2025-09-08 10:34:29,2025-09-08 10:54:02,1.0
586,2025-09-08 10:54:02,2025-09-08 11:13:09,1.0
587,2025-09-08 11:13:09,2025-09-08 11:44:03,1.0
588,2025-09-08 11:44:03,2025-09-08 12:13:29,1.0
589,2025-09-08 12:13:31,2025-09-08 12:30:46,1.0
590,2025-09-08 12:30:46,2025-09-08 12:56:05,1.0
591,2025-09-08 12:56:07,2025-09-08 13:24:48,1.0
592,2025-09-08 13:24:48,2025-09-08 13:44:56,1.0
593,2025-09-08 13:44:56,2025-09-08 13:45:00,1.0
